Workbook

Sheet 组合逻辑真值表
A1: 输入 （填1或0，不填为无关项x） | L1: 输出 (只填写为1的情况)
A2: S2 | B2: S1 | C2: S0 | D2: H | E2: PCM | F2: PCC | G2: T5 | H2: T4 | I2: T3 | J2: T2 | K2: T1 | L2: N2 | M2: N1 | N2: N0 | O2: Y1 | P2: G1 | Q2: R2 | R2: Y2 | S2: G2 | T2: Out9 | U2: Out10 | V2: Out11 | W2: Out12
A33: 只填写为0和为1的情况，无关项不填， 注意输入输出变量名可自行更改，不用的列不填或隐藏，行数不够上方还有隐藏行，所有表格都有帮助提示，哪里不懂点哪里
A34: 注意从一个状态到另外一个状态的切换要填写完整，不要漏填自己到自己的状态，也不要漏填切换条件分别为0和1的情况，各切换条件之间不要有二义性
F37: 注意这个表行数肯定是够的，如果不够请思考如何合并某些行，不要尝试增加行！

Sheet 输出信号表达式自动生成
A1: =组合逻辑真值表!A2 -> S2 | B1: =组合逻辑真值表!B2 -> S1 | C1: =组合逻辑真值表!C2 -> S0 | D1: =组合逻辑真值表!D2 -> H | E1: =组合逻辑真值表!E2 -> PCM | F1: =组合逻辑真值表!F2 -> PCC | G1: =组合逻辑真值表!G2 -> T5 | H1: =组合逻辑真值表!H2 -> T4 | ... K1: =组合逻辑真值表!K2 -> T1 | L1: 最小项表达式 | M1: =组合逻辑真值表!L2 -> N2 | N1: =组合逻辑真值表!M2 -> N1 | O1: =组合逻辑真值表!N2 -> N0 | P1: =组合逻辑真值表!O2 -> Y1 | Q1: =组合逻辑真值表!P2 -> G1 | R1: =组合逻辑真值表!Q2 -> R2 | S1: =组合逻辑真值表!R2 -> Y2 | T1: =组合逻辑真值表!S2 -> G2 | ... X1: =组合逻辑真值表!W2 -> Out12
A2: =IF(组合逻辑真值表!A3<>"",IF(组合逻辑真值表!A3=1,组合逻辑真值表!A$2&"&",IF(组合逻辑真值表!A3=0,"~"&组合逻辑真值表!A$2&"&","")),"") | B2: =IF(组合逻辑真值表!B3<>"",IF(组合逻辑真值表!B3=1,组合逻辑真值表!B$2&"&",IF(组合逻辑真值表!B3=0,"~"&组合逻辑真值表!B$2&"&","")),"") | C2: =IF(组合逻辑真值表!C3<>"",IF(组合逻辑真值表!C3=1,组合逻辑真值表!C$2&"&",IF(组合逻辑真值表!C3=0,"~"&组合逻辑真值表!C$2&"&","")),"") | D2: =IF(组合逻辑真值表!D3<>"",IF(组合逻辑真值表!D3=1,组合逻辑真值表!D$2&"&",IF(组合逻辑真值表!D3=0,"~"&组合逻辑真值表!D$2&"&","")),"") | E2: =IF(组合逻辑真值表!E3<>"",IF(组合逻辑真值表!E3=1,组合逻辑真值表!E$2&"&",IF(组合逻辑真值表!E3=0,"~"&组合逻辑真值表!E$2&"&","")),"") | F2: =IF(组合逻辑真值表!F3<>"",IF(组合逻辑真值表!F3=1,组合逻辑真值表!F$2&"&",IF(组合逻辑真值表!F3=0,"~"&组合逻辑真值表!F$2&"&","")),"") | G2: =IF(组合逻辑真值表!G3<>"",IF(组合逻辑真值表!G3=1,组合逻辑真值表!G$2&"&",IF(组合逻辑真值表!G3=0,"~"&组合逻辑真值表!G$2&"&","")),"") | H2: =IF(组合逻辑真值表!H3<>"",IF(组合逻辑真值表!H3=1,组合逻辑真值表!H$2&"&",IF(组合逻辑真值表!H3=0,"~"&组合逻辑真值表!H$2&"&","")),"") | ... K2: =IF(组合逻辑真值表!K3<>"",IF(组合逻辑真值表!K3=1,组合逻辑真值表!K$2&"&",IF(组合逻辑真值表!K3=0,"~"&组合逻辑真值表!K$2&"&","")),"") | L2: =IF(LEN(CONCATENATE(A2,B2,C2,D2,E2,F2,G2,H2,I2,J2,K2))=0,"",LEFT(CONCATENATE(A2,B2,C2,D2,E2,F2,G2,H2,I2,J2,K2),LEN(CONCATENATE(A2,B2,C2,D2,E2,F2,G2,H2,I2,J2,K2))-1)) | M2: =IF(组合逻辑真值表!L3=1,$L2&"+","") | N2: =IF(组合逻辑真值表!M3=1,$L2&"+","") | O2: =IF(组合逻辑真值表!N3=1,$L2&"+","") | P2: =IF(组合逻辑真值表!O3=1,$L2&"+","") | Q2: =IF(组合逻辑真值表!P3=1,$L2&"+","") | R2: =IF(组合逻辑真值表!Q3=1,$L2&"+","") | S2: =IF(组合逻辑真值表!R3=1,$L2&"+","") | T2: =IF(组合逻辑真值表!S3=1,$L2&"+","") | ... X2: =IF(组合逻辑真值表!W3=1,$L2&"+","")
A3: =IF(组合逻辑真值表!A4<>"",IF(组合逻辑真值表!A4=1,组合逻辑真值表!A$2&"&",IF(组合逻辑真值表!A4=0,"~"&组合逻辑真值表!A$2&"&","")),"") | B3: =IF(组合逻辑真值表!B4<>"",IF(组合逻辑真值表!B4=1,组合逻辑真值表!B$2&"&",IF(组合逻辑真值表!B4=0,"~"&组合逻辑真值表!B$2&"&","")),"") | C3: =IF(组合逻辑真值表!C4<>"",IF(组合逻辑真值表!C4=1,组合逻辑真值表!C$2&"&",IF(组合逻辑真值表!C4=0,"~"&组合逻辑真值表!C$2&"&","")),"") | D3: =IF(组合逻辑真值表!D4<>"",IF(组合逻辑真值表!D4=1,组合逻辑真值表!D$2&"&",IF(组合逻辑真值表!D4=0,"~"&组合逻辑真值表!D$2&"&","")),"") | E3: =IF(组合逻辑真值表!E4<>"",IF(组合逻辑真值表!E4=1,组合逻辑真值表!E$2&"&",IF(组合逻辑真值表!E4=0,"~"&组合逻辑真值表!E$2&"&","")),"") | F3: =IF(组合逻辑真值表!F4<>"",IF(组合逻辑真值表!F4=1,组合逻辑真值表!F$2&"&",IF(组合逻辑真值表!F4=0,"~"&组合逻辑真值表!F$2&"&","")),"") | G3: =IF(组合逻辑真值表!G4<>"",IF(组合逻辑真值表!G4=1,组合逻辑真值表!G$2&"&",IF(组合逻辑真值表!G4=0,"~"&组合逻辑真值表!G$2&"&","")),"") | H3: =IF(组合逻辑真值表!H4<>"",IF(组合逻辑真值表!H4=1,组合逻辑真值表!H$2&"&",IF(组合逻辑真值表!H4=0,"~"&组合逻辑真值表!H$2&"&","")),"") | ... K3: =IF(组合逻辑真值表!K4<>"",IF(组合逻辑真值表!K4=1,组合逻辑真值表!K$2&"&",IF(组合逻辑真值表!K4=0,"~"&组合逻辑真值表!K$2&"&","")),"") | L3: =IF(LEN(CONCATENATE(A3,B3,C3,D3,E3,F3,G3,H3,I3,J3,K3))=0,"",LEFT(CONCATENATE(A3,B3,C3,D3,E3,F3,G3,H3,I3,J3,K3),LEN(CONCATENATE(A3,B3,C3,D3,E3,F3,G3,H3,I3,J3,K3))-1)) | M3: =IF(组合逻辑真值表!L4=1,$L3&"+","") | N3: =IF(组合逻辑真值表!M4=1,$L3&"+","") | O3: =IF(组合逻辑真值表!N4=1,$L3&"+","") | P3: =IF(组合逻辑真值表!O4=1,$L3&"+","") | Q3: =IF(组合逻辑真值表!P4=1,$L3&"+","") | R3: =IF(组合逻辑真值表!Q4=1,$L3&"+","") | S3: =IF(组合逻辑真值表!R4=1,$L3&"+","") | T3: =IF(组合逻辑真值表!S4=1,$L3&"+","") | ... X3: =IF(组合逻辑真值表!W4=1,$L3&"+","")
A4: =IF(组合逻辑真值表!A5<>"",IF(组合逻辑真值表!A5=1,组合逻辑真值表!A$2&"&",IF(组合逻辑真值表!A5=0,"~"&组合逻辑真值表!A$2&"&","")),"") | B4: =IF(组合逻辑真值表!B5<>"",IF(组合逻辑真值表!B5=1,组合逻辑真值表!B$2&"&",IF(组合逻辑真值表!B5=0,"~"&组合逻辑真值表!B$2&"&","")),"") | C4: =IF(组合逻辑真值表!C5<>"",IF(组合逻辑真值表!C5=1,组合逻辑真值表!C$2&"&",IF(组合逻辑真值表!C5=0,"~"&组合逻辑真值表!C$2&"&","")),"") | D4: =IF(组合逻辑真值表!D5<>"",IF(组合逻辑真值表!D5=1,组合逻辑真值表!D$2&"&",IF(组合逻辑真值表!D5=0,"~"&组合逻辑真值表!D$2&"&","")),"") | E4: =IF(组合逻辑真值表!E5<>"",IF(组合逻辑真值表!E5=1,组合逻辑真值表!E$2&"&",IF(组合逻辑真值表!E5=0,"~"&组合逻辑真值表!E$2&"&","")),"") | F4: =IF(组合逻辑真值表!F5<>"",IF(组合逻辑真值表!F5=1,组合逻辑真值表!F$2&"&",IF(组合逻辑真值表!F5=0,"~"&组合逻辑真值表!F$2&"&","")),"") | G4: =IF(组合逻辑真值表!G5<>"",IF(组合逻辑真值表!G5=1,组合逻辑真值表!G$2&"&",IF(组合逻辑真值表!G5=0,"~"&组合逻辑真值表!G$2&"&","")),"") | H4: =IF(组合逻辑真值表!H5<>"",IF(组合逻辑真值表!H5=1,组合逻辑真值表!H$2&"&",IF(组合逻辑真值表!H5=0,"~"&组合逻辑真值表!H$2&"&","")),"") | ... K4: =IF(组合逻辑真值表!K5<>"",IF(组合逻辑真值表!K5=1,组合逻辑真值表!K$2&"&",IF(组合逻辑真值表!K5=0,"~"&组合逻辑真值表!K$2&"&","")),"") | L4: =IF(LEN(CONCATENATE(A4,B4,C4,D4,E4,F4,G4,H4,I4,J4,K4))=0,"",LEFT(CONCATENATE(A4,B4,C4,D4,E4,F4,G4,H4,I4,J4,K4),LEN(CONCATENATE(A4,B4,C4,D4,E4,F4,G4,H4,I4,J4,K4))-1)) | M4: =IF(组合逻辑真值表!L5=1,$L4&"+","") | N4: =IF(组合逻辑真值表!M5=1,$L4&"+","") | O4: =IF(组合逻辑真值表!N5=1,$L4&"+","") | P4: =IF(组合逻辑真值表!O5=1,$L4&"+","") | Q4: =IF(组合逻辑真值表!P5=1,$L4&"+","") | R4: =IF(组合逻辑真值表!Q5=1,$L4&"+","") | S4: =IF(组合逻辑真值表!R5=1,$L4&"+","") | T4: =IF(组合逻辑真值表!S5=1,$L4&"+","") | ... X4: =IF(组合逻辑真值表!W5=1,$L4&"+","")
A5: =IF(组合逻辑真值表!A6<>"",IF(组合逻辑真值表!A6=1,组合逻辑真值表!A$2&"&",IF(组合逻辑真值表!A6=0,"~"&组合逻辑真值表!A$2&"&","")),"") | B5: =IF(组合逻辑真值表!B6<>"",IF(组合逻辑真值表!B6=1,组合逻辑真值表!B$2&"&",IF(组合逻辑真值表!B6=0,"~"&组合逻辑真值表!B$2&"&","")),"") | C5: =IF(组合逻辑真值表!C6<>"",IF(组合逻辑真值表!C6=1,组合逻辑真值表!C$2&"&",IF(组合逻辑真值表!C6=0,"~"&组合逻辑真值表!C$2&"&","")),"") | D5: =IF(组合逻辑真值表!D6<>"",IF(组合逻辑真值表!D6=1,组合逻辑真值表!D$2&"&",IF(组合逻辑真值表!D6=0,"~"&组合逻辑真值表!D$2&"&","")),"") | E5: =IF(组合逻辑真值表!E6<>"",IF(组合逻辑真值表!E6=1,组合逻辑真值表!E$2&"&",IF(组合逻辑真值表!E6=0,"~"&组合逻辑真值表!E$2&"&","")),"") | F5: =IF(组合逻辑真值表!F6<>"",IF(组合逻辑真值表!F6=1,组合逻辑真值表!F$2&"&",IF(组合逻辑真值表!F6=0,"~"&组合逻辑真值表!F$2&"&","")),"") | G5: =IF(组合逻辑真值表!G6<>"",IF(组合逻辑真值表!G6=1,组合逻辑真值表!G$2&"&",IF(组合逻辑真值表!G6=0,"~"&组合逻辑真值表!G$2&"&","")),"") | H5: =IF(组合逻辑真值表!H6<>"",IF(组合逻辑真值表!H6=1,组合逻辑真值表!H$2&"&",IF(组合逻辑真值表!H6=0,"~"&组合逻辑真值表!H$2&"&","")),"") | ... K5: =IF(组合逻辑真值表!K6<>"",IF(组合逻辑真值表!K6=1,组合逻辑真值表!K$2&"&",IF(组合逻辑真值表!K6=0,"~"&组合逻辑真值表!K$2&"&","")),"") | L5: =IF(LEN(CONCATENATE(A5,B5,C5,D5,E5,F5,G5,H5,I5,J5,K5))=0,"",LEFT(CONCATENATE(A5,B5,C5,D5,E5,F5,G5,H5,I5,J5,K5),LEN(CONCATENATE(A5,B5,C5,D5,E5,F5,G5,H5,I5,J5,K5))-1)) | M5: =IF(组合逻辑真值表!L6=1,$L5&"+","") | N5: =IF(组合逻辑真值表!M6=1,$L5&"+","") | O5: =IF(组合逻辑真值表!N6=1,$L5&"+","") | P5: =IF(组合逻辑真值表!O6=1,$L5&"+","") | Q5: =IF(组合逻辑真值表!P6=1,$L5&"+","") | R5: =IF(组合逻辑真值表!Q6=1,$L5&"+","") | S5: =IF(组合逻辑真值表!R6=1,$L5&"+","") | T5: =IF(组合逻辑真值表!S6=1,$L5&"+","") | ... X5: =IF(组合逻辑真值表!W6=1,$L5&"+","")
A6: =IF(组合逻辑真值表!A7<>"",IF(组合逻辑真值表!A7=1,组合逻辑真值表!A$2&"&",IF(组合逻辑真值表!A7=0,"~"&组合逻辑真值表!A$2&"&","")),"") | B6: =IF(组合逻辑真值表!B7<>"",IF(组合逻辑真值表!B7=1,组合逻辑真值表!B$2&"&",IF(组合逻辑真值表!B7=0,"~"&组合逻辑真值表!B$2&"&","")),"") | C6: =IF(组合逻辑真值表!C7<>"",IF(组合逻辑真值表!C7=1,组合逻辑真值表!C$2&"&",IF(组合逻辑真值表!C7=0,"~"&组合逻辑真值表!C$2&"&","")),"") | D6: =IF(组合逻辑真值表!D7<>"",IF(组合逻辑真值表!D7=1,组合逻辑真值表!D$2&"&",IF(组合逻辑真值表!D7=0,"~"&组合逻辑真值表!D$2&"&","")),"") | E6: =IF(组合逻辑真值表!E7<>"",IF(组合逻辑真值表!E7=1,组合逻辑真值表!E$2&"&",IF(组合逻辑真值表!E7=0,"~"&组合逻辑真值表!E$2&"&","")),"") | F6: =IF(组合逻辑真值表!F7<>"",IF(组合逻辑真值表!F7=1,组合逻辑真值表!F$2&"&",IF(组合逻辑真值表!F7=0,"~"&组合逻辑真值表!F$2&"&","")),"") | G6: =IF(组合逻辑真值表!G7<>"",IF(组合逻辑真值表!G7=1,组合逻辑真值表!G$2&"&",IF(组合逻辑真值表!G7=0,"~"&组合逻辑真值表!G$2&"&","")),"") | H6: =IF(组合逻辑真值表!H7<>"",IF(组合逻辑真值表!H7=1,组合逻辑真值表!H$2&"&",IF(组合逻辑真值表!H7=0,"~"&组合逻辑真值表!H$2&"&","")),"") | ... K6: =IF(组合逻辑真值表!K7<>"",IF(组合逻辑真值表!K7=1,组合逻辑真值表!K$2&"&",IF(组合逻辑真值表!K7=0,"~"&组合逻辑真值表!K$2&"&","")),"") | L6: =IF(LEN(CONCATENATE(A6,B6,C6,D6,E6,F6,G6,H6,I6,J6,K6))=0,"",LEFT(CONCATENATE(A6,B6,C6,D6,E6,F6,G6,H6,I6,J6,K6),LEN(CONCATENATE(A6,B6,C6,D6,E6,F6,G6,H6,I6,J6,K6))-1)) | M6: =IF(组合逻辑真值表!L7=1,$L6&"+","") | N6: =IF(组合逻辑真值表!M7=1,$L6&"+","") | O6: =IF(组合逻辑真值表!N7=1,$L6&"+","") | P6: =IF(组合逻辑真值表!O7=1,$L6&"+","") | Q6: =IF(组合逻辑真值表!P7=1,$L6&"+","") | R6: =IF(组合逻辑真值表!Q7=1,$L6&"+","") | S6: =IF(组合逻辑真值表!R7=1,$L6&"+","") | T6: =IF(组合逻辑真值表!S7=1,$L6&"+","") | ... X6: =IF(组合逻辑真值表!W7=1,$L6&"+","")
A7: =IF(组合逻辑真值表!A8<>"",IF(组合逻辑真值表!A8=1,组合逻辑真值表!A$2&"&",IF(组合逻辑真值表!A8=0,"~"&组合逻辑真值表!A$2&"&","")),"") | B7: =IF(组合逻辑真值表!B8<>"",IF(组合逻辑真值表!B8=1,组合逻辑真值表!B$2&"&",IF(组合逻辑真值表!B8=0,"~"&组合逻辑真值表!B$2&"&","")),"") | C7: =IF(组合逻辑真值表!C8<>"",IF(组合逻辑真值表!C8=1,组合逻辑真值表!C$2&"&",IF(组合逻辑真值表!C8=0,"~"&组合逻辑真值表!C$2&"&","")),"") | D7: =IF(组合逻辑真值表!D8<>"",IF(组合逻辑真值表!D8=1,组合逻辑真值表!D$2&"&",IF(组合逻辑真值表!D8=0,"~"&组合逻辑真值表!D$2&"&","")),"") | E7: =IF(组合逻辑真值表!E8<>"",IF(组合逻辑真值表!E8=1,组合逻辑真值表!E$2&"&",IF(组合逻辑真值表!E8=0,"~"&组合逻辑真值表!E$2&"&","")),"") | F7: =IF(组合逻辑真值表!F8<>"",IF(组合逻辑真值表!F8=1,组合逻辑真值表!F$2&"&",IF(组合逻辑真值表!F8=0,"~"&组合逻辑真值表!F$2&"&","")),"") | G7: =IF(组合逻辑真值表!G8<>"",IF(组合逻辑真值表!G8=1,组合逻辑真值表!G$2&"&",IF(组合逻辑真值表!G8=0,"~"&组合逻辑真值表!G$2&"&","")),"") | H7: =IF(组合逻辑真值表!H8<>"",IF(组合逻辑真值表!H8=1,组合逻辑真值表!H$2&"&",IF(组合逻辑真值表!H8=0,"~"&组合逻辑真值表!H$2&"&","")),"") | ... K7: =IF(组合逻辑真值表!K8<>"",IF(组合逻辑真值表!K8=1,组合逻辑真值表!K$2&"&",IF(组合逻辑真值表!K8=0,"~"&组合逻辑真值表!K$2&"&","")),"") | L7: =IF(LEN(CONCATENATE(A7,B7,C7,D7,E7,F7,G7,H7,I7,J7,K7))=0,"",LEFT(CONCATENATE(A7,B7,C7,D7,E7,F7,G7,H7,I7,J7,K7),LEN(CONCATENATE(A7,B7,C7,D7,E7,F7,G7,H7,I7,J7,K7))-1)) | M7: =IF(组合逻辑真值表!L8=1,$L7&"+","") | N7: =IF(组合逻辑真值表!M8=1,$L7&"+","") | O7: =IF(组合逻辑真值表!N8=1,$L7&"+","") | P7: =IF(组合逻辑真值表!O8=1,$L7&"+","") | Q7: =IF(组合逻辑真值表!P8=1,$L7&"+","") | R7: =IF(组合逻辑真值表!Q8=1,$L7&"+","") | S7: =IF(组合逻辑真值表!R8=1,$L7&"+","") | T7: =IF(组合逻辑真值表!S8=1,$L7&"+","") | ... X7: =IF(组合逻辑真值表!W8=1,$L7&"+","")
A8: =IF(组合逻辑真值表!A9<>"",IF(组合逻辑真值表!A9=1,组合逻辑真值表!A$2&"&",IF(组合逻辑真值表!A9=0,"~"&组合逻辑真值表!A$2&"&","")),"") | B8: =IF(组合逻辑真值表!B9<>"",IF(组合逻辑真值表!B9=1,组合逻辑真值表!B$2&"&",IF(组合逻辑真值表!B9=0,"~"&组合逻辑真值表!B$2&"&","")),"") | C8: =IF(组合逻辑真值表!C9<>"",IF(组合逻辑真值表!C9=1,组合逻辑真值表!C$2&"&",IF(组合逻辑真值表!C9=0,"~"&组合逻辑真值表!C$2&"&","")),"") | D8: =IF(组合逻辑真值表!D9<>"",IF(组合逻辑真值表!D9=1,组合逻辑真值表!D$2&"&",IF(组合逻辑真值表!D9=0,"~"&组合逻辑真值表!D$2&"&","")),"") | E8: =IF(组合逻辑真值表!E9<>"",IF(组合逻辑真值表!E9=1,组合逻辑真值表!E$2&"&",IF(组合逻辑真值表!E9=0,"~"&组合逻辑真值表!E$2&"&","")),"") | F8: =IF(组合逻辑真值表!F9<>"",IF(组合逻辑真值表!F9=1,组合逻辑真值表!F$2&"&",IF(组合逻辑真值表!F9=0,"~"&组合逻辑真值表!F$2&"&","")),"") | G8: =IF(组合逻辑真值表!G9<>"",IF(组合逻辑真值表!G9=1,组合逻辑真值表!G$2&"&",IF(组合逻辑真值表!G9=0,"~"&组合逻辑真值表!G$2&"&","")),"") | H8: =IF(组合逻辑真值表!H9<>"",IF(组合逻辑真值表!H9=1,组合逻辑真值表!H$2&"&",IF(组合逻辑真值表!H9=0,"~"&组合逻辑真值表!H$2&"&","")),"") | ... K8: =IF(组合逻辑真值表!K9<>"",IF(组合逻辑真值表!K9=1,组合逻辑真值表!K$2&"&",IF(组合逻辑真值表!K9=0,"~"&组合逻辑真值表!K$2&"&","")),"") | L8: =IF(LEN(CONCATENATE(A8,B8,C8,D8,E8,F8,G8,H8,I8,J8,K8))=0,"",LEFT(CONCATENATE(A8,B8,C8,D8,E8,F8,G8,H8,I8,J8,K8),LEN(CONCATENATE(A8,B8,C8,D8,E8,F8,G8,H8,I8,J8,K8))-1)) | M8: =IF(组合逻辑真值表!L9=1,$L8&"+","") | N8: =IF(组合逻辑真值表!M9=1,$L8&"+","") | O8: =IF(组合逻辑真值表!N9=1,$L8&"+","") | P8: =IF(组合逻辑真值表!O9=1,$L8&"+","") | Q8: =IF(组合逻辑真值表!P9=1,$L8&"+","") | R8: =IF(组合逻辑真值表!Q9=1,$L8&"+","") | S8: =IF(组合逻辑真值表!R9=1,$L8&"+","") | T8: =IF(组合逻辑真值表!S9=1,$L8&"+","") | ... X8: =IF(组合逻辑真值表!W9=1,$L8&"+","")
A9: =IF(组合逻辑真值表!A10<>"",IF(组合逻辑真值表!A10=1,组合逻辑真值表!A$2&"&",IF(组合逻辑真值表!A10=0,"~"&组合逻辑真值表!A$2&"&","")),"") | B9: =IF(组合逻辑真值表!B10<>"",IF(组合逻辑真值表!B10=1,组合逻辑真值表!B$2&"&",IF(组合逻辑真值表!B10=0,"~"&组合逻辑真值表!B$2&"&","")),"") | C9: =IF(组合逻辑真值表!C10<>"",IF(组合逻辑真值表!C10=1,组合逻辑真值表!C$2&"&",IF(组合逻辑真值表!C10=0,"~"&组合逻辑真值表!C$2&"&","")),"") | D9: =IF(组合逻辑真值表!D10<>"",IF(组合逻辑真值表!D10=1,组合逻辑真值表!D$2&"&",IF(组合逻辑真值表!D10=0,"~"&组合逻辑真值表!D$2&"&","")),"") | E9: =IF(组合逻辑真值表!E10<>"",IF(组合逻辑真值表!E10=1,组合逻辑真值表!E$2&"&",IF(组合逻辑真值表!E10=0,"~"&组合逻辑真值表!E$2&"&","")),"") | F9: =IF(组合逻辑真值表!F10<>"",IF(组合逻辑真值表!F10=1,组合逻辑真值表!F$2&"&",IF(组合逻辑真值表!F10=0,"~"&组合逻辑真值表!F$2&"&","")),"") | G9: =IF(组合逻辑真值表!G10<>"",IF(组合逻辑真值表!G10=1,组合逻辑真值表!G$2&"&",IF(组合逻辑真值表!G10=0,"~"&组合逻辑真值表!G$2&"&","")),"") | H9: =IF(组合逻辑真值表!H10<>"",IF(组合逻辑真值表!H10=1,组合逻辑真值表!H$2&"&",IF(组合逻辑真值表!H10=0,"~"&组合逻辑真值表!H$2&"&","")),"") | ... K9: =IF(组合逻辑真值表!K10<>"",IF(组合逻辑真值表!K10=1,组合逻辑真值表!K$2&"&",IF(组合逻辑真值表!K10=0,"~"&组合逻辑真值表!K$2&"&","")),"") | L9: =IF(LEN(CONCATENATE(A9,B9,C9,D9,E9,F9,G9,H9,I9,J9,K9))=0,"",LEFT(CONCATENATE(A9,B9,C9,D9,E9,F9,G9,H9,I9,J9,K9),LEN(CONCATENATE(A9,B9,C9,D9,E9,F9,G9,H9,I9,J9,K9))-1)) | M9: =IF(组合逻辑真值表!L10=1,$L9&"+","") | N9: =IF(组合逻辑真值表!M10=1,$L9&"+","") | O9: =IF(组合逻辑真值表!N10=1,$L9&"+","") | P9: =IF(组合逻辑真值表!O10=1,$L9&"+","") | Q9: =IF(组合逻辑真值表!P10=1,$L9&"+","") | R9: =IF(组合逻辑真值表!Q10=1,$L9&"+","") | S9: =IF(组合逻辑真值表!R10=1,$L9&"+","") | T9: =IF(组合逻辑真值表!S10=1,$L9&"+","") | ... X9: =IF(组合逻辑真值表!W10=1,$L9&"+","")
A10: =IF(组合逻辑真值表!A11<>"",IF(组合逻辑真值表!A11=1,组合逻辑真值表!A$2&"&",IF(组合逻辑真值表!A11=0,"~"&组合逻辑真值表!A$2&"&","")),"") | B10: =IF(组合逻辑真值表!B11<>"",IF(组合逻辑真值表!B11=1,组合逻辑真值表!B$2&"&",IF(组合逻辑真值表!B11=0,"~"&组合逻辑真值表!B$2&"&","")),"") | C10: =IF(组合逻辑真值表!C11<>"",IF(组合逻辑真值表!C11=1,组合逻辑真值表!C$2&"&",IF(组合逻辑真值表!C11=0,"~"&组合逻辑真值表!C$2&"&","")),"") | D10: =IF(组合逻辑真值表!D11<>"",IF(组合逻辑真值表!D11=1,组合逻辑真值表!D$2&"&",IF(组合逻辑真值表!D11=0,"~"&组合逻辑真值表!D$2&"&","")),"") | E10: =IF(组合逻辑真值表!E11<>"",IF(组合逻辑真值表!E11=1,组合逻辑真值表!E$2&"&",IF(组合逻辑真值表!E11=0,"~"&组合逻辑真值表!E$2&"&","")),"") | F10: =IF(组合逻辑真值表!F11<>"",IF(组合逻辑真值表!F11=1,组合逻辑真值表!F$2&"&",IF(组合逻辑真值表!F11=0,"~"&组合逻辑真值表!F$2&"&","")),"") | G10: =IF(组合逻辑真值表!G11<>"",IF(组合逻辑真值表!G11=1,组合逻辑真值表!G$2&"&",IF(组合逻辑真值表!G11=0,"~"&组合逻辑真值表!G$2&"&","")),"") | H10: =IF(组合逻辑真值表!H11<>"",IF(组合逻辑真值表!H11=1,组合逻辑真值表!H$2&"&",IF(组合逻辑真值表!H11=0,"~"&组合逻辑真值表!H$2&"&","")),"") | ... K10: =IF(组合逻辑真值表!K11<>"",IF(组合逻辑真值表!K11=1,组合逻辑真值表!K$2&"&",IF(组合逻辑真值表!K11=0,"~"&组合逻辑真值表!K$2&"&","")),"") | L10: =IF(LEN(CONCATENATE(A10,B10,C10,D10,E10,F10,G10,H10,I10,J10,K10))=0,"",LEFT(CONCATENATE(A10,B10,C10,D10,E10,F10,G10,H10,I10,J10,K10),LEN(CONCATENATE(A10,B10,C10,D10,E10,F10,G10,H10,I10,J10,K10))-1)) | M10: =IF(组合逻辑真值表!L11=1,$L10&"+","") | N10: =IF(组合逻辑真值表!M11=1,$L10&"+","") | O10: =IF(组合逻辑真值表!N11=1,$L10&"+","") | P10: =IF(组合逻辑真值表!O11=1,$L10&"+","") | Q10: =IF(组合逻辑真值表!P11=1,$L10&"+","") | R10: =IF(组合逻辑真值表!Q11=1,$L10&"+","") | S10: =IF(组合逻辑真值表!R11=1,$L10&"+","") | T10: =IF(组合逻辑真值表!S11=1,$L10&"+","") | ... X10: =IF(组合逻辑真值表!W11=1,$L10&"+","")
A11: =IF(组合逻辑真值表!A12<>"",IF(组合逻辑真值表!A12=1,组合逻辑真值表!A$2&"&",IF(组合逻辑真值表!A12=0,"~"&组合逻辑真值表!A$2&"&","")),"") | B11: =IF(组合逻辑真值表!B12<>"",IF(组合逻辑真值表!B12=1,组合逻辑真值表!B$2&"&",IF(组合逻辑真值表!B12=0,"~"&组合逻辑真值表!B$2&"&","")),"") | C11: =IF(组合逻辑真值表!C12<>"",IF(组合逻辑真值表!C12=1,组合逻辑真值表!C$2&"&",IF(组合逻辑真值表!C12=0,"~"&组合逻辑真值表!C$2&"&","")),"") | D11: =IF(组合逻辑真值表!D12<>"",IF(组合逻辑真值表!D12=1,组合逻辑真值表!D$2&"&",IF(组合逻辑真值表!D12=0,"~"&组合逻辑真值表!D$2&"&","")),"") | E11: =IF(组合逻辑真值表!E12<>"",IF(组合逻辑真值表!E12=1,组合逻辑真值表!E$2&"&",IF(组合逻辑真值表!E12=0,"~"&组合逻辑真值表!E$2&"&","")),"") | F11: =IF(组合逻辑真值表!F12<>"",IF(组合逻辑真值表!F12=1,组合逻辑真值表!F$2&"&",IF(组合逻辑真值表!F12=0,"~"&组合逻辑真值表!F$2&"&","")),"") | G11: =IF(组合逻辑真值表!G12<>"",IF(组合逻辑真值表!G12=1,组合逻辑真值表!G$2&"&",IF(组合逻辑真值表!G12=0,"~"&组合逻辑真值表!G$2&"&","")),"") | H11: =IF(组合逻辑真值表!H12<>"",IF(组合逻辑真值表!H12=1,组合逻辑真值表!H$2&"&",IF(组合逻辑真值表!H12=0,"~"&组合逻辑真值表!H$2&"&","")),"") | ... K11: =IF(组合逻辑真值表!K12<>"",IF(组合逻辑真值表!K12=1,组合逻辑真值表!K$2&"&",IF(组合逻辑真值表!K12=0,"~"&组合逻辑真值表!K$2&"&","")),"") | L11: =IF(LEN(CONCATENATE(A11,B11,C11,D11,E11,F11,G11,H11,I11,J11,K11))=0,"",LEFT(CONCATENATE(A11,B11,C11,D11,E11,F11,G11,H11,I11,J11,K11),LEN(CONCATENATE(A11,B11,C11,D11,E11,F11,G11,H11,I11,J11,K11))-1)) | M11: =IF(组合逻辑真值表!L12=1,$L11&"+","") | N11: =IF(组合逻辑真值表!M12=1,$L11&"+","") | O11: =IF(组合逻辑真值表!N12=1,$L11&"+","") | P11: =IF(组合逻辑真值表!O12=1,$L11&"+","") | Q11: =IF(组合逻辑真值表!P12=1,$L11&"+","") | R11: =IF(组合逻辑真值表!Q12=1,$L11&"+","") | S11: =IF(组合逻辑真值表!R12=1,$L11&"+","") | T11: =IF(组合逻辑真值表!S12=1,$L11&"+","") | ... X11: =IF(组合逻辑真值表!W12=1,$L11&"+","")
A12: =IF(组合逻辑真值表!A13<>"",IF(组合逻辑真值表!A13=1,组合逻辑真值表!A$2&"&",IF(组合逻辑真值表!A13=0,"~"&组合逻辑真值表!A$2&"&","")),"") | B12: =IF(组合逻辑真值表!B13<>"",IF(组合逻辑真值表!B13=1,组合逻辑真值表!B$2&"&",IF(组合逻辑真值表!B13=0,"~"&组合逻辑真值表!B$2&"&","")),"") | C12: =IF(组合逻辑真值表!C13<>"",IF(组合逻辑真值表!C13=1,组合逻辑真值表!C$2&"&",IF(组合逻辑真值表!C13=0,"~"&组合逻辑真值表!C$2&"&","")),"") | D12: =IF(组合逻辑真值表!D13<>"",IF(组合逻辑真值表!D13=1,组合逻辑真值表!D$2&"&",IF(组合逻辑真值表!D13=0,"~"&组合逻辑真值表!D$2&"&","")),"") | E12: =IF(组合逻辑真值表!E13<>"",IF(组合逻辑真值表!E13=1,组合逻辑真值表!E$2&"&",IF(组合逻辑真值表!E13=0,"~"&组合逻辑真值表!E$2&"&","")),"") | F12: =IF(组合逻辑真值表!F13<>"",IF(组合逻辑真值表!F13=1,组合逻辑真值表!F$2&"&",IF(组合逻辑真值表!F13=0,"~"&组合逻辑真值表!F$2&"&","")),"") | G12: =IF(组合逻辑真值表!G13<>"",IF(组合逻辑真值表!G13=1,组合逻辑真值表!G$2&"&",IF(组合逻辑真值表!G13=0,"~"&组合逻辑真值表!G$2&"&","")),"") | H12: =IF(组合逻辑真值表!H13<>"",IF(组合逻辑真值表!H13=1,组合逻辑真值表!H$2&"&",IF(组合逻辑真值表!H13=0,"~"&组合逻辑真值表!H$2&"&","")),"") | ... K12: =IF(组合逻辑真值表!K13<>"",IF(组合逻辑真值表!K13=1,组合逻辑真值表!K$2&"&",IF(组合逻辑真值表!K13=0,"~"&组合逻辑真值表!K$2&"&","")),"") | L12: =IF(LEN(CONCATENATE(A12,B12,C12,D12,E12,F12,G12,H12,I12,J12,K12))=0,"",LEFT(CONCATENATE(A12,B12,C12,D12,E12,F12,G12,H12,I12,J12,K12),LEN(CONCATENATE(A12,B12,C12,D12,E12,F12,G12,H12,I12,J12,K12))-1)) | M12: =IF(组合逻辑真值表!L13=1,$L12&"+","") | N12: =IF(组合逻辑真值表!M13=1,$L12&"+","") | O12: =IF(组合逻辑真值表!N13=1,$L12&"+","") | P12: =IF(组合逻辑真值表!O13=1,$L12&"+","") | Q12: =IF(组合逻辑真值表!P13=1,$L12&"+","") | R12: =IF(组合逻辑真值表!Q13=1,$L12&"+","") | S12: =IF(组合逻辑真值表!R13=1,$L12&"+","") | T12: =IF(组合逻辑真值表!S13=1,$L12&"+","") | ... X12: =IF(组合逻辑真值表!W13=1,$L12&"+","")
A13: =IF(组合逻辑真值表!A14<>"",IF(组合逻辑真值表!A14=1,组合逻辑真值表!A$2&"&",IF(组合逻辑真值表!A14=0,"~"&组合逻辑真值表!A$2&"&","")),"") | B13: =IF(组合逻辑真值表!B14<>"",IF(组合逻辑真值表!B14=1,组合逻辑真值表!B$2&"&",IF(组合逻辑真值表!B14=0,"~"&组合逻辑真值表!B$2&"&","")),"") | C13: =IF(组合逻辑真值表!C14<>"",IF(组合逻辑真值表!C14=1,组合逻辑真值表!C$2&"&",IF(组合逻辑真值表!C14=0,"~"&组合逻辑真值表!C$2&"&","")),"") | D13: =IF(组合逻辑真值表!D14<>"",IF(组合逻辑真值表!D14=1,组合逻辑真值表!D$2&"&",IF(组合逻辑真值表!D14=0,"~"&组合逻辑真值表!D$2&"&","")),"") | E13: =IF(组合逻辑真值表!E14<>"",IF(组合逻辑真值表!E14=1,组合逻辑真值表!E$2&"&",IF(组合逻辑真值表!E14=0,"~"&组合逻辑真值表!E$2&"&","")),"") | F13: =IF(组合逻辑真值表!F14<>"",IF(组合逻辑真值表!F14=1,组合逻辑真值表!F$2&"&",IF(组合逻辑真值表!F14=0,"~"&组合逻辑真值表!F$2&"&","")),"") | G13: =IF(组合逻辑真值表!G14<>"",IF(组合逻辑真值表!G14=1,组合逻辑真值表!G$2&"&",IF(组合逻辑真值表!G14=0,"~"&组合逻辑真值表!G$2&"&","")),"") | H13: =IF(组合逻辑真值表!H14<>"",IF(组合逻辑真值表!H14=1,组合逻辑真值表!H$2&"&",IF(组合逻辑真值表!H14=0,"~"&组合逻辑真值表!H$2&"&","")),"") | ... K13: =IF(组合逻辑真值表!K14<>"",IF(组合逻辑真值表!K14=1,组合逻辑真值表!K$2&"&",IF(组合逻辑真值表!K14=0,"~"&组合逻辑真值表!K$2&"&","")),"") | L13: =IF(LEN(CONCATENATE(A13,B13,C13,D13,E13,F13,G13,H13,I13,J13,K13))=0,"",LEFT(CONCATENATE(A13,B13,C13,D13,E13,F13,G13,H13,I13,J13,K13),LEN(CONCATENATE(A13,B13,C13,D13,E13,F13,G13,H13,I13,J13,K13))-1)) | M13: =IF(组合逻辑真值表!L14=1,$L13&"+","") | N13: =IF(组合逻辑真值表!M14=1,$L13&"+","") | O13: =IF(组合逻辑真值表!N14=1,$L13&"+","") | P13: =IF(组合逻辑真值表!O14=1,$L13&"+","") | Q13: =IF(组合逻辑真值表!P14=1,$L13&"+","") | R13: =IF(组合逻辑真值表!Q14=1,$L13&"+","") | S13: =IF(组合逻辑真值表!R14=1,$L13&"+","") | T13: =IF(组合逻辑真值表!S14=1,$L13&"+","") | ... X13: =IF(组合逻辑真值表!W14=1,$L13&"+","")
... A30: =IF(组合逻辑真值表!A31<>"",IF(组合逻辑真值表!A31=1,组合逻辑真值表!A$2&"&",IF(组合逻辑真值表!A31=0,"~"&组合逻辑真值表!A$2&"&","")),"") | B30: =IF(组合逻辑真值表!B31<>"",IF(组合逻辑真值表!B31=1,组合逻辑真值表!B$2&"&",IF(组合逻辑真值表!B31=0,"~"&组合逻辑真值表!B$2&"&","")),"") | C30: =IF(组合逻辑真值表!C31<>"",IF(组合逻辑真值表!C31=1,组合逻辑真值表!C$2&"&",IF(组合逻辑真值表!C31=0,"~"&组合逻辑真值表!C$2&"&","")),"") | D30: =IF(组合逻辑真值表!D31<>"",IF(组合逻辑真值表!D31=1,组合逻辑真值表!D$2&"&",IF(组合逻辑真值表!D31=0,"~"&组合逻辑真值表!D$2&"&","")),"") | E30: =IF(组合逻辑真值表!E31<>"",IF(组合逻辑真值表!E31=1,组合逻辑真值表!E$2&"&",IF(组合逻辑真值表!E31=0,"~"&组合逻辑真值表!E$2&"&","")),"") | F30: =IF(组合逻辑真值表!F31<>"",IF(组合逻辑真值表!F31=1,组合逻辑真值表!F$2&"&",IF(组合逻辑真值表!F31=0,"~"&组合逻辑真值表!F$2&"&","")),"") | G30: =IF(组合逻辑真值表!G31<>"",IF(组合逻辑真值表!G31=1,组合逻辑真值表!G$2&"&",IF(组合逻辑真值表!G31=0,"~"&组合逻辑真值表!G$2&"&","")),"") | H30: =IF(组合逻辑真值表!H31<>"",IF(组合逻辑真值表!H31=1,组合逻辑真值表!H$2&"&",IF(组合逻辑真值表!H31=0,"~"&组合逻辑真值表!H$2&"&","")),"") | ... K30: =IF(组合逻辑真值表!K31<>"",IF(组合逻辑真值表!K31=1,组合逻辑真值表!K$2&"&",IF(组合逻辑真值表!K31=0,"~"&组合逻辑真值表!K$2&"&","")),"") | L30: =IF(LEN(CONCATENATE(A30,B30,C30,D30,E30,F30,G30,H30,I30,J30,K30))=0,"",LEFT(CONCATENATE(A30,B30,C30,D30,E30,F30,G30,H30,I30,J30,K30),LEN(CONCATENATE(A30,B30,C30,D30,E30,F30,G30,H30,I30,J30,K30))-1)) | M30: =IF(组合逻辑真值表!L31=1,$L30&"+","") | N30: =IF(组合逻辑真值表!M31=1,$L30&"+","") | O30: =IF(组合逻辑真值表!N31=1,$L30&"+","") | P30: =IF(组合逻辑真值表!O31=1,$L30&"+","") | Q30: =IF(组合逻辑真值表!P31=1,$L30&"+","") | R30: =IF(组合逻辑真值表!Q31=1,$L30&"+","") | S30: =IF(组合逻辑真值表!R31=1,$L30&"+","") | T30: =IF(组合逻辑真值表!S31=1,$L30&"+","") | ... X30: =IF(组合逻辑真值表!W31=1,$L30&"+","")
A31: =IF(组合逻辑真值表!A32<>"",IF(组合逻辑真值表!A32=1,组合逻辑真值表!A$2&"&",IF(组合逻辑真值表!A32=0,"~"&组合逻辑真值表!A$2&"&","")),"") | B31: =IF(组合逻辑真值表!B32<>"",IF(组合逻辑真值表!B32=1,组合逻辑真值表!B$2&"&",IF(组合逻辑真值表!B32=0,"~"&组合逻辑真值表!B$2&"&","")),"") | C31: =IF(组合逻辑真值表!C32<>"",IF(组合逻辑真值表!C32=1,组合逻辑真值表!C$2&"&",IF(组合逻辑真值表!C32=0,"~"&组合逻辑真值表!C$2&"&","")),"") | D31: =IF(组合逻辑真值表!D32<>"",IF(组合逻辑真值表!D32=1,组合逻辑真值表!D$2&"&",IF(组合逻辑真值表!D32=0,"~"&组合逻辑真值表!D$2&"&","")),"") | E31: =IF(组合逻辑真值表!E32<>"",IF(组合逻辑真值表!E32=1,组合逻辑真值表!E$2&"&",IF(组合逻辑真值表!E32=0,"~"&组合逻辑真值表!E$2&"&","")),"") | F31: =IF(组合逻辑真值表!F32<>"",IF(组合逻辑真值表!F32=1,组合逻辑真值表!F$2&"&",IF(组合逻辑真值表!F32=0,"~"&组合逻辑真值表!F$2&"&","")),"") | G31: =IF(组合逻辑真值表!G32<>"",IF(组合逻辑真值表!G32=1,组合逻辑真值表!G$2&"&",IF(组合逻辑真值表!G32=0,"~"&组合逻辑真值表!G$2&"&","")),"") | H31: =IF(组合逻辑真值表!H32<>"",IF(组合逻辑真值表!H32=1,组合逻辑真值表!H$2&"&",IF(组合逻辑真值表!H32=0,"~"&组合逻辑真值表!H$2&"&","")),"") | ... K31: =IF(组合逻辑真值表!K32<>"",IF(组合逻辑真值表!K32=1,组合逻辑真值表!K$2&"&",IF(组合逻辑真值表!K32=0,"~"&组合逻辑真值表!K$2&"&","")),"") | L31: =IF(LEN(CONCATENATE(A31,B31,C31,D31,E31,F31,G31,H31,I31,J31,K31))=0,"",LEFT(CONCATENATE(A31,B31,C31,D31,E31,F31,G31,H31,I31,J31,K31),LEN(CONCATENATE(A31,B31,C31,D31,E31,F31,G31,H31,I31,J31,K31))-1)) | M31: =IF(组合逻辑真值表!L32=1,$L31&"+","") | N31: =IF(组合逻辑真值表!M32=1,$L31&"+","") | O31: =IF(组合逻辑真值表!N32=1,$L31&"+","")
A32: 输出信号逻辑表达式->>> | M32: =IF(LEN(M33)>1,LEFT(M33,LEN(M33)-1),"") | N32: =IF(LEN(N33)>1,LEFT(N33,LEN(N33)-1),"") | O32: =IF(LEN(O33)>1,LEFT(O33,LEN(O33)-1),"") | P32: =IF(LEN(P33)>1,LEFT(P33,LEN(P33)-1),"") | Q32: =IF(LEN(Q33)>1,LEFT(Q33,LEN(Q33)-1),"") | R32: =IF(LEN(R33)>1,LEFT(R33,LEN(R33)-1),"") | S32: =IF(LEN(S33)>1,LEFT(S33,LEN(S33)-1),"") | T32: =IF(LEN(T33)>1,LEFT(T33,LEN(T33)-1),"") | ... X32: =IF(LEN(X33)>1,LEFT(X33,LEN(X33)-1),"")
M33: =CONCATENATE(M2,M3,M4,M5,M6,M7,M8,M9,M10,M11,M12,M13,M14,M15,M16,M17,M18,M19,M20,M21,M22,M23,M24,M25,M26,M27,M28,M29,M30,M31) | N33: =CONCATENATE(N2,N3,N4,N5,N6,N7,N8,N9,N10,N11,N12,N13,N14,N15,N16,N17,N18,N19,N20,N21,N22,N23,N24,N25,N26,N27,N28,N29,N30,N31) | O33: =CONCATENATE(O2,O3,O4,O5,O6,O7,O8,O9,O10,O11,O12,O13,O14,O15,O16,O17,O18,O19,O20,O21,O22,O23,O24,O25,O26,O27,O28,O29,O30,O31) | P33: =CONCATENATE(P2,P3,P4,P5,P6,P7,P8,P9,P10,P11,P12,P13,P14,P15,P16,P17,P18,P19,P20,P21,P22,P23,P24,P25,P26,P27,P28,P29,P30) | Q33: =CONCATENATE(Q2,Q3,Q4,Q5,Q6,Q7,Q8,Q9,Q10,Q11,Q12,Q13,Q14,Q15,Q16,Q17,Q18,Q19,Q20,Q21,Q22,Q23,Q24,Q25,Q26,Q27,Q28,Q29,Q30) | R33: =CONCATENATE(R2,R3,R4,R5,R6,R7,R8,R9,R10,R11,R12,R13,R14,R15,R16,R17,R18,R19,R20,R21,R22,R23,R24,R25,R26,R27,R28,R29,R30) | S33: =CONCATENATE(S2,S3,S4,S5,S6,S7,S8,S9,S10,S11,S12,S13,S14,S15,S16,S17,S18,S19,S20,S21,S22,S23,S24,S25,S26,S27,S28,S29,S30) | T33: =CONCATENATE(T2,T3,T4,T5,T6,T7,T8,T9,T10,T11,T12,T13,T14,T15,T16,T17,T18,T19,T20,T21,T22,T23,T24,T25,T26,T27,T28,T29,T30) | U33: =CONCATENATE(U2,U3,U4,U5,U6,U7,U8,U9,U10,U11,U12,U13,U14,U15,U16,U17,U18,U19,U20,U21,U22,U23,U24,U25,U26,U27,U28,U29,U30) | V33: =CONCATENATE(V2,V3,V4,V5,V6,V7,V8,V9,V10,V11,V12,V13,V14,V15,V16,V17,V18,V19,V20,V21,V22,V23,V24,V25,V26,V27,V28,V29,V30) | W33: =CONCATENATE(W2,W3,W4,W5,W6,W7,W8,W9,W10,W11,W12,W13,W14,W15,W16,W17,W18,W19,W20,W21,W22,W23,W24,W25,W26,W27,W28,W29,W30) | X33: =CONCATENATE(X2,X3,X4,X5,X6,X7,X8,X9,X10,X11,X12,X13,X14,X15,X16,X17,X18,X19,X20,X21,X22,X23,X24,X25,X26,X27,X28,X29,X30)
A34: 本表格不允许编辑，如实在好奇，在审阅菜单中撤销工作表保护
P37: 这里是输出信号的逻辑表达式，复制到Logisim中即可，注意不要复制excel公式，要复制对应的值
